"","Sum Sq","Df","F value","Pr(>F)"
"(Intercept)",0.00440104166666666,1,0.625569696588147,0.434025875719153
"treatment",0.00324269818439032,2,0.230460635569533,0.795299119336149
"day_starve",0.131604766998616,2,9.35323502892818,0.00051579551924072
"treatment:day_starve",0.0662233812065204,4,2.35326904549515,0.0717400834426342
"Residuals",0.260304395425141,37,NA,NA
