"","Sum Sq","Df","F value","Pr(>F)"
"(Intercept)",0.00440104166666666,1,0.640128929181654,0.428510890506888
"treatment",0.000446366998919423,2,0.0324619090980717,0.968085451593731
"day_starve",0.131604766998616,2,9.5709180865165,0.000415173234084486
"treatment:day_starve",0.0616426448331289,4,2.24147163430755,0.0821411130566988
"Residuals",0.26813446038039,39,NA,NA
