"","Sum Sq","Df","F value","Pr(>F)"
"(Intercept)",0.0138068663324267,1,1.73363970890618,0.195259539435485
"treatment",0.0180458995422249,2,1.13295396928183,0.331955382409229
"day_starve",0.137490381683876,2,8.63189298501522,0.000743696401849975
"Residuals",0.326527776631661,41,NA,NA
